{"accuracy": [0.3907727301120758], "f1_score": [0.3432473838329315], "loss": [2.218507766723633], "val_accuracy": [0.4764542877674103], "val_f1_score": [0.4301379323005676], "val_loss": [1.792035460472107]}