{"accuracy": [0.4075644016265869], "f1_score": [0.3665047287940979], "loss": [2.122208595275879], "val_accuracy": [0.49307480454444885], "val_f1_score": [0.45925813913345337], "val_loss": [1.7335649728775024]}